Lugar de residencia (capitales);Mes de la defunción;Sexo;Total
Total;Total;Total;166.773
Total;Total;Hombres;80.74
Total;Total;Mujeres;86.033
Total;Enero;Total;13.866
Total;Enero;Hombres;6.639
Total;Enero;Mujeres;7.227
Total;Febrero;Total;11.599
Total;Febrero;Hombres;5.481
Total;Febrero;Mujeres;6.118
Total;Marzo;Total;21.428
Total;Marzo;Hombres;10.874
Total;Marzo;Mujeres;10.554
Total;Abril;Total;22.883
Total;Abril;Hombres;10.453
Total;Abril;Mujeres;12.43
Total;Mayo;Total;11.653
Total;Mayo;Hombres;5.548
Total;Mayo;Mujeres;6.105
Total;Junio;Total;10.032
Total;Junio;Hombres;4.791
Total;Junio;Mujeres;5.241
Total;Julio;Total;11.278
Total;Julio;Hombres;5.342
Total;Julio;Mujeres;5.936
Total;Agosto;Total;11.99
Total;Agosto;Hombres;5.774
Total;Agosto;Mujeres;6.216
Total;Septiembre;Total;11.561
Total;Septiembre;Hombres;5.698
Total;Septiembre;Mujeres;5.863
Total;Octubre;Total;13.322
Total;Octubre;Hombres;6.698
Total;Octubre;Mujeres;6.624
Total;Noviembre;Total;13.679
Total;Noviembre;Hombres;6.795
Total;Noviembre;Mujeres;6.884
Total;Diciembre;Total;13.482
Total;Diciembre;Hombres;6.647
Total;Diciembre;Mujeres;6.835
Albacete;Total;Total;1.936
Albacete;Total;Hombres;976
Albacete;Total;Mujeres;960
Albacete;Enero;Total;142
Albacete;Enero;Hombres;76
Albacete;Enero;Mujeres;66
Albacete;Febrero;Total;117
Albacete;Febrero;Hombres;62
Albacete;Febrero;Mujeres;55
Albacete;Marzo;Total;396
Albacete;Marzo;Hombres;194
Albacete;Marzo;Mujeres;202
Albacete;Abril;Total;356
Albacete;Abril;Hombres;165
Albacete;Abril;Mujeres;191
Albacete;Mayo;Total;100
Albacete;Mayo;Hombres;50
Albacete;Mayo;Mujeres;50
Albacete;Junio;Total;122
Albacete;Junio;Hombres;67
Albacete;Junio;Mujeres;55
Albacete;Julio;Total;96
Albacete;Julio;Hombres;47
Albacete;Julio;Mujeres;49
Albacete;Agosto;Total;127
Albacete;Agosto;Hombres;66
Albacete;Agosto;Mujeres;61
Albacete;Septiembre;Total;117
Albacete;Septiembre;Hombres;63
Albacete;Septiembre;Mujeres;54
Albacete;Octubre;Total;136
Albacete;Octubre;Hombres;71
Albacete;Octubre;Mujeres;65
Albacete;Noviembre;Total;107
Albacete;Noviembre;Hombres;56
Albacete;Noviembre;Mujeres;51
Albacete;Diciembre;Total;120
Albacete;Diciembre;Hombres;59
Albacete;Diciembre;Mujeres;61
Alicante;Total;Total;3.019
Alicante;Total;Hombres;1.532
Alicante;Total;Mujeres;1.487
Alicante;Enero;Total;290
Alicante;Enero;Hombres;148
Alicante;Enero;Mujeres;142
Alicante;Febrero;Total;225
Alicante;Febrero;Hombres;111
Alicante;Febrero;Mujeres;114
Alicante;Marzo;Total;274
Alicante;Marzo;Hombres;140
Alicante;Marzo;Mujeres;134
Alicante;Abril;Total;272
Alicante;Abril;Hombres;122
Alicante;Abril;Mujeres;150
Alicante;Mayo;Total;248
Alicante;Mayo;Hombres;120
Alicante;Mayo;Mujeres;128
Alicante;Junio;Total;213
Alicante;Junio;Hombres;100
Alicante;Junio;Mujeres;113
Alicante;Julio;Total;273
Alicante;Julio;Hombres;143
Alicante;Julio;Mujeres;130
Alicante;Agosto;Total;254
Alicante;Agosto;Hombres;134
Alicante;Agosto;Mujeres;120
Alicante;Septiembre;Total;237
Alicante;Septiembre;Hombres;119
Alicante;Septiembre;Mujeres;118
Alicante;Octubre;Total;229
Alicante;Octubre;Hombres;127
Alicante;Octubre;Mujeres;102
Alicante;Noviembre;Total;214
Alicante;Noviembre;Hombres;114
Alicante;Noviembre;Mujeres;100
Alicante;Diciembre;Total;290
Alicante;Diciembre;Hombres;154
Alicante;Diciembre;Mujeres;136
Almería;Total;Total;1.71
Almería;Total;Hombres;866
Almería;Total;Mujeres;844
Almería;Enero;Total;171
Almería;Enero;Hombres;90
Almería;Enero;Mujeres;81
Almería;Febrero;Total;133
Almería;Febrero;Hombres;60
Almería;Febrero;Mujeres;73
Almería;Marzo;Total;139
Almería;Marzo;Hombres;70
Almería;Marzo;Mujeres;69
Almería;Abril;Total;126
Almería;Abril;Hombres;67
Almería;Abril;Mujeres;59
Almería;Mayo;Total;134
Almería;Mayo;Hombres;59
Almería;Mayo;Mujeres;75
Almería;Junio;Total;110
Almería;Junio;Hombres;57
Almería;Junio;Mujeres;53
Almería;Julio;Total;148
Almería;Julio;Hombres;80
Almería;Julio;Mujeres;68
Almería;Agosto;Total;155
Almería;Agosto;Hombres;75
Almería;Agosto;Mujeres;80
Almería;Septiembre;Total;142
Almería;Septiembre;Hombres;70
Almería;Septiembre;Mujeres;72
Almería;Octubre;Total;155
Almería;Octubre;Hombres;79
Almería;Octubre;Mujeres;76
Almería;Noviembre;Total;150
Almería;Noviembre;Hombres;81
Almería;Noviembre;Mujeres;69
Almería;Diciembre;Total;147
Almería;Diciembre;Hombres;78
Almería;Diciembre;Mujeres;69
Álava;Total;Total;2.441
Álava;Total;Hombres;1.271
Álava;Total;Mujeres;1.17
Álava;Enero;Total;190
Álava;Enero;Hombres;102
Álava;Enero;Mujeres;88
Álava;Febrero;Total;166
Álava;Febrero;Hombres;79
Álava;Febrero;Mujeres;87
Álava;Marzo;Total;368
Álava;Marzo;Hombres;207
Álava;Marzo;Mujeres;161
Álava;Abril;Total;329
Álava;Abril;Hombres;154
Álava;Abril;Mujeres;175
Álava;Mayo;Total;149
Álava;Mayo;Hombres;71
Álava;Mayo;Mujeres;78
Álava;Junio;Total;134
Álava;Junio;Hombres;67
Álava;Junio;Mujeres;67
Álava;Julio;Total;170
Álava;Julio;Hombres;84
Álava;Julio;Mujeres;86
Álava;Agosto;Total;163
Álava;Agosto;Hombres;91
Álava;Agosto;Mujeres;72
Álava;Septiembre;Total;190
Álava;Septiembre;Hombres;108
Álava;Septiembre;Mujeres;82
Álava;Octubre;Total;178
Álava;Octubre;Hombres;94
Álava;Octubre;Mujeres;84
Álava;Noviembre;Total;188
Álava;Noviembre;Hombres;100
Álava;Noviembre;Mujeres;88
Álava;Diciembre;Total;216
Álava;Diciembre;Hombres;114
Álava;Diciembre;Mujeres;102
Asturias;Total;Total;2.545
Asturias;Total;Hombres;1.176
Asturias;Total;Mujeres;1.369
Asturias;Enero;Total;265
Asturias;Enero;Hombres;127
Asturias;Enero;Mujeres;138
Asturias;Febrero;Total;189
Asturias;Febrero;Hombres;99
Asturias;Febrero;Mujeres;90
Asturias;Marzo;Total;228
Asturias;Marzo;Hombres;105
Asturias;Marzo;Mujeres;123
Asturias;Abril;Total;246
Asturias;Abril;Hombres;99
Asturias;Abril;Mujeres;147
Asturias;Mayo;Total;184
Asturias;Mayo;Hombres;80
Asturias;Mayo;Mujeres;104
Asturias;Junio;Total;189
Asturias;Junio;Hombres;78
Asturias;Junio;Mujeres;111
Asturias;Julio;Total;150
Asturias;Julio;Hombres;67
Asturias;Julio;Mujeres;83
Asturias;Agosto;Total;178
Asturias;Agosto;Hombres;88
Asturias;Agosto;Mujeres;90
Asturias;Septiembre;Total;151
Asturias;Septiembre;Hombres;69
Asturias;Septiembre;Mujeres;82
Asturias;Octubre;Total;224
Asturias;Octubre;Hombres;108
Asturias;Octubre;Mujeres;116
Asturias;Noviembre;Total;305
Asturias;Noviembre;Hombres;152
Asturias;Noviembre;Mujeres;153
Asturias;Diciembre;Total;236
Asturias;Diciembre;Hombres;104
Asturias;Diciembre;Mujeres;132
Ávila;Total;Total;659
Ávila;Total;Hombres;331
Ávila;Total;Mujeres;328
Ávila;Enero;Total;51
Ávila;Enero;Hombres;28
Ávila;Enero;Mujeres;23
Ávila;Febrero;Total;39
Ávila;Febrero;Hombres;20
Ávila;Febrero;Mujeres;19
Ávila;Marzo;Total;98
Ávila;Marzo;Hombres;56
Ávila;Marzo;Mujeres;42
Ávila;Abril;Total;127
Ávila;Abril;Hombres;52
Ávila;Abril;Mujeres;75
Ávila;Mayo;Total;43
Ávila;Mayo;Hombres;26
Ávila;Mayo;Mujeres;17
Ávila;Junio;Total;44
Ávila;Junio;Hombres;19
Ávila;Junio;Mujeres;25
Ávila;Julio;Total;36
Ávila;Julio;Hombres;20
Ávila;Julio;Mujeres;16
Ávila;Agosto;Total;48
Ávila;Agosto;Hombres;26
Ávila;Agosto;Mujeres;22
Ávila;Septiembre;Total;28
Ávila;Septiembre;Hombres;15
Ávila;Septiembre;Mujeres;13
Ávila;Octubre;Total;41
Ávila;Octubre;Hombres;20
Ávila;Octubre;Mujeres;21
Ávila;Noviembre;Total;41
Ávila;Noviembre;Hombres;18
Ávila;Noviembre;Mujeres;23
Ávila;Diciembre;Total;63
Ávila;Diciembre;Hombres;31
Ávila;Diciembre;Mujeres;32
Badajoz;Total;Total;1.203
Badajoz;Total;Hombres;583
Badajoz;Total;Mujeres;620
Badajoz;Enero;Total;113
Badajoz;Enero;Hombres;48
Badajoz;Enero;Mujeres;65
Badajoz;Febrero;Total;103
Badajoz;Febrero;Hombres;49
Badajoz;Febrero;Mujeres;54
Badajoz;Marzo;Total;104
Badajoz;Marzo;Hombres;52
Badajoz;Marzo;Mujeres;52
Badajoz;Abril;Total;121
Badajoz;Abril;Hombres;59
Badajoz;Abril;Mujeres;62
Badajoz;Mayo;Total;94
Badajoz;Mayo;Hombres;46
Badajoz;Mayo;Mujeres;48
Badajoz;Junio;Total;84
Badajoz;Junio;Hombres;37
Badajoz;Junio;Mujeres;47
Badajoz;Julio;Total;94
Badajoz;Julio;Hombres;45
Badajoz;Julio;Mujeres;49
Badajoz;Agosto;Total;87
Badajoz;Agosto;Hombres;46
Badajoz;Agosto;Mujeres;41
Badajoz;Septiembre;Total;73
Badajoz;Septiembre;Hombres;33
Badajoz;Septiembre;Mujeres;40
Badajoz;Octubre;Total;107
Badajoz;Octubre;Hombres;60
Badajoz;Octubre;Mujeres;47
Badajoz;Noviembre;Total;114
Badajoz;Noviembre;Hombres;58
Badajoz;Noviembre;Mujeres;56
Badajoz;Diciembre;Total;109
Badajoz;Diciembre;Hombres;50
Badajoz;Diciembre;Mujeres;59
Baleares;Total;Total;3.355
Baleares;Total;Hombres;1.709
Baleares;Total;Mujeres;1.646
Baleares;Enero;Total;301
Baleares;Enero;Hombres;148
Baleares;Enero;Mujeres;153
Baleares;Febrero;Total;272
Baleares;Febrero;Hombres;134
Baleares;Febrero;Mujeres;138
Baleares;Marzo;Total;329
Baleares;Marzo;Hombres;181
Baleares;Marzo;Mujeres;148
Baleares;Abril;Total;333
Baleares;Abril;Hombres;151
Baleares;Abril;Mujeres;182
Baleares;Mayo;Total;255
Baleares;Mayo;Hombres;127
Baleares;Mayo;Mujeres;128
Baleares;Junio;Total;238
Baleares;Junio;Hombres;123
Baleares;Junio;Mujeres;115
Baleares;Julio;Total;241
Baleares;Julio;Hombres;114
Baleares;Julio;Mujeres;127
Baleares;Agosto;Total;312
Baleares;Agosto;Hombres;176
Baleares;Agosto;Mujeres;136
Baleares;Septiembre;Total;265
Baleares;Septiembre;Hombres;136
Baleares;Septiembre;Mujeres;129
Baleares;Octubre;Total;272
Baleares;Octubre;Hombres;128
Baleares;Octubre;Mujeres;144
Baleares;Noviembre;Total;250
Baleares;Noviembre;Hombres;131
Baleares;Noviembre;Mujeres;119
Baleares;Diciembre;Total;287
Baleares;Diciembre;Hombres;160
Baleares;Diciembre;Mujeres;127
Barcelona;Total;Total;19.801
Barcelona;Total;Hombres;9.248
Barcelona;Total;Mujeres;10.553
Barcelona;Enero;Total;1.512
Barcelona;Enero;Hombres;692
Barcelona;Enero;Mujeres;820
Barcelona;Febrero;Total;1.284
Barcelona;Febrero;Hombres;606
Barcelona;Febrero;Mujeres;678
Barcelona;Marzo;Total;2.767
Barcelona;Marzo;Hombres;1.375
Barcelona;Marzo;Mujeres;1.392
Barcelona;Abril;Total;3.635
Barcelona;Abril;Hombres;1.596
Barcelona;Abril;Mujeres;2.039
Barcelona;Mayo;Total;1.377
Barcelona;Mayo;Hombres;613
Barcelona;Mayo;Mujeres;764
Barcelona;Junio;Total;1.084
Barcelona;Junio;Hombres;509
Barcelona;Junio;Mujeres;575
Barcelona;Julio;Total;1.157
Barcelona;Julio;Hombres;520
Barcelona;Julio;Mujeres;637
Barcelona;Agosto;Total;1.27
Barcelona;Agosto;Hombres;587
Barcelona;Agosto;Mujeres;683
Barcelona;Septiembre;Total;1.143
Barcelona;Septiembre;Hombres;511
Barcelona;Septiembre;Mujeres;632
Barcelona;Octubre;Total;1.447
Barcelona;Octubre;Hombres;729
Barcelona;Octubre;Mujeres;718
Barcelona;Noviembre;Total;1.589
Barcelona;Noviembre;Hombres;751
Barcelona;Noviembre;Mujeres;838
Barcelona;Diciembre;Total;1.536
Barcelona;Diciembre;Hombres;759
Barcelona;Diciembre;Mujeres;777
Vizcaya;Total;Total;4.519
Vizcaya;Total;Hombres;2.105
Vizcaya;Total;Mujeres;2.414
Vizcaya;Enero;Total;387
Vizcaya;Enero;Hombres;190
Vizcaya;Enero;Mujeres;197
Vizcaya;Febrero;Total;335
Vizcaya;Febrero;Hombres;135
Vizcaya;Febrero;Mujeres;200
Vizcaya;Marzo;Total;449
Vizcaya;Marzo;Hombres;209
Vizcaya;Marzo;Mujeres;240
Vizcaya;Abril;Total;582
Vizcaya;Abril;Hombres;262
Vizcaya;Abril;Mujeres;320
Vizcaya;Mayo;Total;343
Vizcaya;Mayo;Hombres;141
Vizcaya;Mayo;Mujeres;202
Vizcaya;Junio;Total;293
Vizcaya;Junio;Hombres;133
Vizcaya;Junio;Mujeres;160
Vizcaya;Julio;Total;293
Vizcaya;Julio;Hombres;123
Vizcaya;Julio;Mujeres;170
Vizcaya;Agosto;Total;385
Vizcaya;Agosto;Hombres;196
Vizcaya;Agosto;Mujeres;189
Vizcaya;Septiembre;Total;355
Vizcaya;Septiembre;Hombres;176
Vizcaya;Septiembre;Mujeres;179
Vizcaya;Octubre;Total;364
Vizcaya;Octubre;Hombres;181
Vizcaya;Octubre;Mujeres;183
Vizcaya;Noviembre;Total;356
Vizcaya;Noviembre;Hombres;179
Vizcaya;Noviembre;Mujeres;177
Vizcaya;Diciembre;Total;377
Vizcaya;Diciembre;Hombres;180
Vizcaya;Diciembre;Mujeres;197
Burgos;Total;Total;2.15
Burgos;Total;Hombres;1.055
Burgos;Total;Mujeres;1.095
Burgos;Enero;Total;161
Burgos;Enero;Hombres;70
Burgos;Enero;Mujeres;91
Burgos;Febrero;Total;156
Burgos;Febrero;Hombres;82
Burgos;Febrero;Mujeres;74
Burgos;Marzo;Total;225
Burgos;Marzo;Hombres;123
Burgos;Marzo;Mujeres;102
Burgos;Abril;Total;273
Burgos;Abril;Hombres;119
Burgos;Abril;Mujeres;154
Burgos;Mayo;Total;147
Burgos;Mayo;Hombres;79
Burgos;Mayo;Mujeres;68
Burgos;Junio;Total;130
Burgos;Junio;Hombres;75
Burgos;Junio;Mujeres;55
Burgos;Julio;Total;142
Burgos;Julio;Hombres;70
Burgos;Julio;Mujeres;72
Burgos;Agosto;Total;141
Burgos;Agosto;Hombres;68
Burgos;Agosto;Mujeres;73
Burgos;Septiembre;Total;133
Burgos;Septiembre;Hombres;68
Burgos;Septiembre;Mujeres;65
Burgos;Octubre;Total;161
Burgos;Octubre;Hombres;81
Burgos;Octubre;Mujeres;80
Burgos;Noviembre;Total;269
Burgos;Noviembre;Hombres;121
Burgos;Noviembre;Mujeres;148
Burgos;Diciembre;Total;212
Burgos;Diciembre;Hombres;99
Burgos;Diciembre;Mujeres;113
Cáceres;Total;Total;1.042
Cáceres;Total;Hombres;494
Cáceres;Total;Mujeres;548
Cáceres;Enero;Total;76
Cáceres;Enero;Hombres;33
Cáceres;Enero;Mujeres;43
Cáceres;Febrero;Total;84
Cáceres;Febrero;Hombres;31
Cáceres;Febrero;Mujeres;53
Cáceres;Marzo;Total;100
Cáceres;Marzo;Hombres;54
Cáceres;Marzo;Mujeres;46
Cáceres;Abril;Total;181
Cáceres;Abril;Hombres;73
Cáceres;Abril;Mujeres;108
Cáceres;Mayo;Total;90
Cáceres;Mayo;Hombres;46
Cáceres;Mayo;Mujeres;44
Cáceres;Junio;Total;62
Cáceres;Junio;Hombres;32
Cáceres;Junio;Mujeres;30
Cáceres;Julio;Total;68
Cáceres;Julio;Hombres;29
Cáceres;Julio;Mujeres;39
Cáceres;Agosto;Total;77
Cáceres;Agosto;Hombres;34
Cáceres;Agosto;Mujeres;43
Cáceres;Septiembre;Total;62
Cáceres;Septiembre;Hombres;32
Cáceres;Septiembre;Mujeres;30
Cáceres;Octubre;Total;83
Cáceres;Octubre;Hombres;43
Cáceres;Octubre;Mujeres;40
Cáceres;Noviembre;Total;72
Cáceres;Noviembre;Hombres;36
Cáceres;Noviembre;Mujeres;36
Cáceres;Diciembre;Total;87
Cáceres;Diciembre;Hombres;51
Cáceres;Diciembre;Mujeres;36
Cádiz;Total;Total;1.401
Cádiz;Total;Hombres;711
Cádiz;Total;Mujeres;690
Cádiz;Enero;Total;141
Cádiz;Enero;Hombres;67
Cádiz;Enero;Mujeres;74
Cádiz;Febrero;Total;111
Cádiz;Febrero;Hombres;47
Cádiz;Febrero;Mujeres;64
Cádiz;Marzo;Total;121
Cádiz;Marzo;Hombres;66
Cádiz;Marzo;Mujeres;55
Cádiz;Abril;Total;95
Cádiz;Abril;Hombres;44
Cádiz;Abril;Mujeres;51
Cádiz;Mayo;Total;102
Cádiz;Mayo;Hombres;39
Cádiz;Mayo;Mujeres;63
Cádiz;Junio;Total;94
Cádiz;Junio;Hombres;50
Cádiz;Junio;Mujeres;44
Cádiz;Julio;Total;124
Cádiz;Julio;Hombres;75
Cádiz;Julio;Mujeres;49
Cádiz;Agosto;Total;112
Cádiz;Agosto;Hombres;53
Cádiz;Agosto;Mujeres;59
Cádiz;Septiembre;Total;116
Cádiz;Septiembre;Hombres;61
Cádiz;Septiembre;Mujeres;55
Cádiz;Octubre;Total;128
Cádiz;Octubre;Hombres;74
Cádiz;Octubre;Mujeres;54
Cádiz;Noviembre;Total;119
Cádiz;Noviembre;Hombres;61
Cádiz;Noviembre;Mujeres;58
Cádiz;Diciembre;Total;138
Cádiz;Diciembre;Hombres;74
Cádiz;Diciembre;Mujeres;64
Cantabria;Total;Total;2
Cantabria;Total;Hombres;959
Cantabria;Total;Mujeres;1.041
Cantabria;Enero;Total;183
Cantabria;Enero;Hombres;83
Cantabria;Enero;Mujeres;100
Cantabria;Febrero;Total;148
Cantabria;Febrero;Hombres;63
Cantabria;Febrero;Mujeres;85
Cantabria;Marzo;Total;172
Cantabria;Marzo;Hombres;83
Cantabria;Marzo;Mujeres;89
Cantabria;Abril;Total;198
Cantabria;Abril;Hombres;97
Cantabria;Abril;Mujeres;101
Cantabria;Mayo;Total;146
Cantabria;Mayo;Hombres;60
Cantabria;Mayo;Mujeres;86
Cantabria;Junio;Total;135
Cantabria;Junio;Hombres;64
Cantabria;Junio;Mujeres;71
Cantabria;Julio;Total;154
Cantabria;Julio;Hombres;73
Cantabria;Julio;Mujeres;81
Cantabria;Agosto;Total;173
Cantabria;Agosto;Hombres;79
Cantabria;Agosto;Mujeres;94
Cantabria;Septiembre;Total;171
Cantabria;Septiembre;Hombres;81
Cantabria;Septiembre;Mujeres;90
Cantabria;Octubre;Total;173
Cantabria;Octubre;Hombres;91
Cantabria;Octubre;Mujeres;82
Cantabria;Noviembre;Total;160
Cantabria;Noviembre;Hombres;91
Cantabria;Noviembre;Mujeres;69
Cantabria;Diciembre;Total;187
Cantabria;Diciembre;Hombres;94
Cantabria;Diciembre;Mujeres;93
Castellón;Total;Total;1.527
Castellón;Total;Hombres;776
Castellón;Total;Mujeres;751
Castellón;Enero;Total;141
Castellón;Enero;Hombres;74
Castellón;Enero;Mujeres;67
Castellón;Febrero;Total;114
Castellón;Febrero;Hombres;69
Castellón;Febrero;Mujeres;45
Castellón;Marzo;Total;165
Castellón;Marzo;Hombres;86
Castellón;Marzo;Mujeres;79
Castellón;Abril;Total;141
Castellón;Abril;Hombres;65
Castellón;Abril;Mujeres;76
Castellón;Mayo;Total;123
Castellón;Mayo;Hombres;58
Castellón;Mayo;Mujeres;65
Castellón;Junio;Total;102
Castellón;Junio;Hombres;51
Castellón;Junio;Mujeres;51
Castellón;Julio;Total;122
Castellón;Julio;Hombres;57
Castellón;Julio;Mujeres;65
Castellón;Agosto;Total;114
Castellón;Agosto;Hombres;59
Castellón;Agosto;Mujeres;55
Castellón;Septiembre;Total;118
Castellón;Septiembre;Hombres;58
Castellón;Septiembre;Mujeres;60
Castellón;Octubre;Total;120
Castellón;Octubre;Hombres;62
Castellón;Octubre;Mujeres;58
Castellón;Noviembre;Total;121
Castellón;Noviembre;Hombres;71
Castellón;Noviembre;Mujeres;50
Castellón;Diciembre;Total;146
Castellón;Diciembre;Hombres;66
Castellón;Diciembre;Mujeres;80
Ciudad Real;Total;Total;845
Ciudad Real;Total;Hombres;417
Ciudad Real;Total;Mujeres;428
Ciudad Real;Enero;Total;61
Ciudad Real;Enero;Hombres;33
Ciudad Real;Enero;Mujeres;28
Ciudad Real;Febrero;Total;49
Ciudad Real;Febrero;Hombres;27
Ciudad Real;Febrero;Mujeres;22
Ciudad Real;Marzo;Total;118
Ciudad Real;Marzo;Hombres;53
Ciudad Real;Marzo;Mujeres;65
Ciudad Real;Abril;Total;156
Ciudad Real;Abril;Hombres;66
Ciudad Real;Abril;Mujeres;90
Ciudad Real;Mayo;Total;60
Ciudad Real;Mayo;Hombres;35
Ciudad Real;Mayo;Mujeres;25
Ciudad Real;Junio;Total;50
Ciudad Real;Junio;Hombres;28
Ciudad Real;Junio;Mujeres;22
Ciudad Real;Julio;Total;58
Ciudad Real;Julio;Hombres;25
Ciudad Real;Julio;Mujeres;33
Ciudad Real;Agosto;Total;51
Ciudad Real;Agosto;Hombres;31
Ciudad Real;Agosto;Mujeres;20
Ciudad Real;Septiembre;Total;58
Ciudad Real;Septiembre;Hombres;23
Ciudad Real;Septiembre;Mujeres;35
Ciudad Real;Octubre;Total;72
Ciudad Real;Octubre;Hombres;34
Ciudad Real;Octubre;Mujeres;38
Ciudad Real;Noviembre;Total;54
Ciudad Real;Noviembre;Hombres;22
Ciudad Real;Noviembre;Mujeres;32
Ciudad Real;Diciembre;Total;58
Ciudad Real;Diciembre;Hombres;40
Ciudad Real;Diciembre;Mujeres;18
Córdoba;Total;Total;3.068
Córdoba;Total;Hombres;1.454
Córdoba;Total;Mujeres;1.614
Córdoba;Enero;Total;289
Córdoba;Enero;Hombres;134
Córdoba;Enero;Mujeres;155
Córdoba;Febrero;Total;249
Córdoba;Febrero;Hombres;114
Córdoba;Febrero;Mujeres;135
Córdoba;Marzo;Total;273
Córdoba;Marzo;Hombres;116
Córdoba;Marzo;Mujeres;157
Córdoba;Abril;Total;245
Córdoba;Abril;Hombres;116
Córdoba;Abril;Mujeres;129
Córdoba;Mayo;Total;248
Córdoba;Mayo;Hombres;101
Córdoba;Mayo;Mujeres;147
Córdoba;Junio;Total;226
Córdoba;Junio;Hombres;122
Córdoba;Junio;Mujeres;104
Córdoba;Julio;Total;235
Córdoba;Julio;Hombres;120
Córdoba;Julio;Mujeres;115
Córdoba;Agosto;Total;233
Córdoba;Agosto;Hombres;94
Córdoba;Agosto;Mujeres;139
Córdoba;Septiembre;Total;226
Córdoba;Septiembre;Hombres;112
Córdoba;Septiembre;Mujeres;114
Córdoba;Octubre;Total;289
Córdoba;Octubre;Hombres;156
Córdoba;Octubre;Mujeres;133
Córdoba;Noviembre;Total;272
Córdoba;Noviembre;Hombres;138
Córdoba;Noviembre;Mujeres;134
Córdoba;Diciembre;Total;283
Córdoba;Diciembre;Hombres;131
Córdoba;Diciembre;Mujeres;152
La Coruña;Total;Total;2.651
La Coruña;Total;Hombres;1.285
La Coruña;Total;Mujeres;1.366
La Coruña;Enero;Total;264
La Coruña;Enero;Hombres;123
La Coruña;Enero;Mujeres;141
La Coruña;Febrero;Total;223
La Coruña;Febrero;Hombres;99
La Coruña;Febrero;Mujeres;124
La Coruña;Marzo;Total;253
La Coruña;Marzo;Hombres;131
La Coruña;Marzo;Mujeres;122
La Coruña;Abril;Total;299
La Coruña;Abril;Hombres;142
La Coruña;Abril;Mujeres;157
La Coruña;Mayo;Total;213
La Coruña;Mayo;Hombres;110
La Coruña;Mayo;Mujeres;103
La Coruña;Junio;Total;158
La Coruña;Junio;Hombres;73
La Coruña;Junio;Mujeres;85
La Coruña;Julio;Total;184
La Coruña;Julio;Hombres;90
La Coruña;Julio;Mujeres;94
La Coruña;Agosto;Total;209
La Coruña;Agosto;Hombres;101
La Coruña;Agosto;Mujeres;108
La Coruña;Septiembre;Total;202
La Coruña;Septiembre;Hombres;101
La Coruña;Septiembre;Mujeres;101
La Coruña;Octubre;Total;221
La Coruña;Octubre;Hombres;102
La Coruña;Octubre;Mujeres;119
La Coruña;Noviembre;Total;199
La Coruña;Noviembre;Hombres;98
La Coruña;Noviembre;Mujeres;101
La Coruña;Diciembre;Total;226
La Coruña;Diciembre;Hombres;115
La Coruña;Diciembre;Mujeres;111
Cuenca;Total;Total;728
Cuenca;Total;Hombres;388
Cuenca;Total;Mujeres;340
Cuenca;Enero;Total;46
Cuenca;Enero;Hombres;23
Cuenca;Enero;Mujeres;23
Cuenca;Febrero;Total;43
Cuenca;Febrero;Hombres;17
Cuenca;Febrero;Mujeres;26
Cuenca;Marzo;Total;137
Cuenca;Marzo;Hombres;81
Cuenca;Marzo;Mujeres;56
Cuenca;Abril;Total;139
Cuenca;Abril;Hombres;65
Cuenca;Abril;Mujeres;74
Cuenca;Mayo;Total;47
Cuenca;Mayo;Hombres;22
Cuenca;Mayo;Mujeres;25
Cuenca;Junio;Total;40
Cuenca;Junio;Hombres;17
Cuenca;Junio;Mujeres;23
Cuenca;Julio;Total;52
Cuenca;Julio;Hombres;33
Cuenca;Julio;Mujeres;19
Cuenca;Agosto;Total;53
Cuenca;Agosto;Hombres;28
Cuenca;Agosto;Mujeres;25
Cuenca;Septiembre;Total;27
Cuenca;Septiembre;Hombres;18
Cuenca;Septiembre;Mujeres;9
Cuenca;Octubre;Total;52
Cuenca;Octubre;Hombres;31
Cuenca;Octubre;Mujeres;21
Cuenca;Noviembre;Total;48
Cuenca;Noviembre;Hombres;27
Cuenca;Noviembre;Mujeres;21
Cuenca;Diciembre;Total;44
Cuenca;Diciembre;Hombres;26
Cuenca;Diciembre;Mujeres;18
Guipúzcoa;Total;Total;2.173
Guipúzcoa;Total;Hombres;1.001
Guipúzcoa;Total;Mujeres;1.172
Guipúzcoa;Enero;Total;180
Guipúzcoa;Enero;Hombres;77
Guipúzcoa;Enero;Mujeres;103
Guipúzcoa;Febrero;Total;168
Guipúzcoa;Febrero;Hombres;74
Guipúzcoa;Febrero;Mujeres;94
Guipúzcoa;Marzo;Total;208
Guipúzcoa;Marzo;Hombres;103
Guipúzcoa;Marzo;Mujeres;105
Guipúzcoa;Abril;Total;195
Guipúzcoa;Abril;Hombres;86
Guipúzcoa;Abril;Mujeres;109
Guipúzcoa;Mayo;Total;141
Guipúzcoa;Mayo;Hombres;74
Guipúzcoa;Mayo;Mujeres;67
Guipúzcoa;Junio;Total;144
Guipúzcoa;Junio;Hombres;66
Guipúzcoa;Junio;Mujeres;78
Guipúzcoa;Julio;Total;145
Guipúzcoa;Julio;Hombres;78
Guipúzcoa;Julio;Mujeres;67
Guipúzcoa;Agosto;Total;160
Guipúzcoa;Agosto;Hombres;65
Guipúzcoa;Agosto;Mujeres;95
Guipúzcoa;Septiembre;Total;170
Guipúzcoa;Septiembre;Hombres;81
Guipúzcoa;Septiembre;Mujeres;89
Guipúzcoa;Octubre;Total;186
Guipúzcoa;Octubre;Hombres;83
Guipúzcoa;Octubre;Mujeres;103
Guipúzcoa;Noviembre;Total;236
Guipúzcoa;Noviembre;Hombres;109
Guipúzcoa;Noviembre;Mujeres;127
Guipúzcoa;Diciembre;Total;240
Guipúzcoa;Diciembre;Hombres;105
Guipúzcoa;Diciembre;Mujeres;135
Gerona;Total;Total;836
Gerona;Total;Hombres;411
Gerona;Total;Mujeres;425
Gerona;Enero;Total;60
Gerona;Enero;Hombres;35
Gerona;Enero;Mujeres;25
Gerona;Febrero;Total;52
Gerona;Febrero;Hombres;31
Gerona;Febrero;Mujeres;21
Gerona;Marzo;Total;95
Gerona;Marzo;Hombres;47
Gerona;Marzo;Mujeres;48
Gerona;Abril;Total;138
Gerona;Abril;Hombres;63
Gerona;Abril;Mujeres;75
Gerona;Mayo;Total;69
Gerona;Mayo;Hombres;28
Gerona;Mayo;Mujeres;41
Gerona;Junio;Total;44
Gerona;Junio;Hombres;19
Gerona;Junio;Mujeres;25
Gerona;Julio;Total;55
Gerona;Julio;Hombres;26
Gerona;Julio;Mujeres;29
Gerona;Agosto;Total;45
Gerona;Agosto;Hombres;19
Gerona;Agosto;Mujeres;26
Gerona;Septiembre;Total;50
Gerona;Septiembre;Hombres;27
Gerona;Septiembre;Mujeres;23
Gerona;Octubre;Total;65
Gerona;Octubre;Hombres;33
Gerona;Octubre;Mujeres;32
Gerona;Noviembre;Total;88
Gerona;Noviembre;Hombres;43
Gerona;Noviembre;Mujeres;45
Gerona;Diciembre;Total;75
Gerona;Diciembre;Hombres;40
Gerona;Diciembre;Mujeres;35
Granada;Total;Total;2.919
Granada;Total;Hombres;1.345
Granada;Total;Mujeres;1.574
Granada;Enero;Total;236
Granada;Enero;Hombres;115
Granada;Enero;Mujeres;121
Granada;Febrero;Total;216
Granada;Febrero;Hombres;97
Granada;Febrero;Mujeres;119
Granada;Marzo;Total;271
Granada;Marzo;Hombres;120
Granada;Marzo;Mujeres;151
Granada;Abril;Total;299
Granada;Abril;Hombres;124
Granada;Abril;Mujeres;175
Granada;Mayo;Total;186
Granada;Mayo;Hombres;84
Granada;Mayo;Mujeres;102
Granada;Junio;Total;165
Granada;Junio;Hombres;75
Granada;Junio;Mujeres;90
Granada;Julio;Total;214
Granada;Julio;Hombres;103
Granada;Julio;Mujeres;111
Granada;Agosto;Total;240
Granada;Agosto;Hombres;116
Granada;Agosto;Mujeres;124
Granada;Septiembre;Total;162
Granada;Septiembre;Hombres;68
Granada;Septiembre;Mujeres;94
Granada;Octubre;Total;253
Granada;Octubre;Hombres;131
Granada;Octubre;Mujeres;122
Granada;Noviembre;Total;408
Granada;Noviembre;Hombres;186
Granada;Noviembre;Mujeres;222
Granada;Diciembre;Total;269
Granada;Diciembre;Hombres;126
Granada;Diciembre;Mujeres;143
Guadalajara;Total;Total;978
Guadalajara;Total;Hombres;490
Guadalajara;Total;Mujeres;488
Guadalajara;Enero;Total;71
Guadalajara;Enero;Hombres;37
Guadalajara;Enero;Mujeres;34
Guadalajara;Febrero;Total;63
Guadalajara;Febrero;Hombres;30
Guadalajara;Febrero;Mujeres;33
Guadalajara;Marzo;Total;193
Guadalajara;Marzo;Hombres;102
Guadalajara;Marzo;Mujeres;91
Guadalajara;Abril;Total;180
Guadalajara;Abril;Hombres;96
Guadalajara;Abril;Mujeres;84
Guadalajara;Mayo;Total;68
Guadalajara;Mayo;Hombres;27
Guadalajara;Mayo;Mujeres;41
Guadalajara;Junio;Total;34
Guadalajara;Junio;Hombres;19
Guadalajara;Junio;Mujeres;15
Guadalajara;Julio;Total;57
Guadalajara;Julio;Hombres;21
Guadalajara;Julio;Mujeres;36
Guadalajara;Agosto;Total;48
Guadalajara;Agosto;Hombres;27
Guadalajara;Agosto;Mujeres;21
Guadalajara;Septiembre;Total;54
Guadalajara;Septiembre;Hombres;26
Guadalajara;Septiembre;Mujeres;28
Guadalajara;Octubre;Total;80
Guadalajara;Octubre;Hombres;47
Guadalajara;Octubre;Mujeres;33
Guadalajara;Noviembre;Total;70
Guadalajara;Noviembre;Hombres;32
Guadalajara;Noviembre;Mujeres;38
Guadalajara;Diciembre;Total;60
Guadalajara;Diciembre;Hombres;26
Guadalajara;Diciembre;Mujeres;34
Huelva;Total;Total;1.31
Huelva;Total;Hombres;688
Huelva;Total;Mujeres;622
Huelva;Enero;Total;158
Huelva;Enero;Hombres;86
Huelva;Enero;Mujeres;72
Huelva;Febrero;Total;107
Huelva;Febrero;Hombres;47
Huelva;Febrero;Mujeres;60
Huelva;Marzo;Total;123
Huelva;Marzo;Hombres;66
Huelva;Marzo;Mujeres;57
Huelva;Abril;Total;106
Huelva;Abril;Hombres;47
Huelva;Abril;Mujeres;59
Huelva;Mayo;Total;81
Huelva;Mayo;Hombres;44
Huelva;Mayo;Mujeres;37
Huelva;Junio;Total;95
Huelva;Junio;Hombres;50
Huelva;Junio;Mujeres;45
Huelva;Julio;Total;107
Huelva;Julio;Hombres;52
Huelva;Julio;Mujeres;55
Huelva;Agosto;Total;110
Huelva;Agosto;Hombres;63
Huelva;Agosto;Mujeres;47
Huelva;Septiembre;Total;86
Huelva;Septiembre;Hombres;53
Huelva;Septiembre;Mujeres;33
Huelva;Octubre;Total;97
Huelva;Octubre;Hombres;47
Huelva;Octubre;Mujeres;50
Huelva;Noviembre;Total;108
Huelva;Noviembre;Hombres;60
Huelva;Noviembre;Mujeres;48
Huelva;Diciembre;Total;132
Huelva;Diciembre;Hombres;73
Huelva;Diciembre;Mujeres;59
Huesca;Total;Total;623
Huesca;Total;Hombres;278
Huesca;Total;Mujeres;345
Huesca;Enero;Total;56
Huesca;Enero;Hombres;31
Huesca;Enero;Mujeres;25
Huesca;Febrero;Total;44
Huesca;Febrero;Hombres;18
Huesca;Febrero;Mujeres;26
Huesca;Marzo;Total;57
Huesca;Marzo;Hombres;25
Huesca;Marzo;Mujeres;32
Huesca;Abril;Total;61
Huesca;Abril;Hombres;28
Huesca;Abril;Mujeres;33
Huesca;Mayo;Total;36
Huesca;Mayo;Hombres;16
Huesca;Mayo;Mujeres;20
Huesca;Junio;Total;49
Huesca;Junio;Hombres;17
Huesca;Junio;Mujeres;32
Huesca;Julio;Total;48
Huesca;Julio;Hombres;23
Huesca;Julio;Mujeres;25
Huesca;Agosto;Total;50
Huesca;Agosto;Hombres;24
Huesca;Agosto;Mujeres;26
Huesca;Septiembre;Total;48
Huesca;Septiembre;Hombres;24
Huesca;Septiembre;Mujeres;24
Huesca;Octubre;Total;60
Huesca;Octubre;Hombres;26
Huesca;Octubre;Mujeres;34
Huesca;Noviembre;Total;60
Huesca;Noviembre;Hombres;26
Huesca;Noviembre;Mujeres;34
Huesca;Diciembre;Total;54
Huesca;Diciembre;Hombres;20
Huesca;Diciembre;Mujeres;34
Jaén;Total;Total;1.149
Jaén;Total;Hombres;567
Jaén;Total;Mujeres;582
Jaén;Enero;Total;111
Jaén;Enero;Hombres;59
Jaén;Enero;Mujeres;52
Jaén;Febrero;Total;72
Jaén;Febrero;Hombres;27
Jaén;Febrero;Mujeres;45
Jaén;Marzo;Total;132
Jaén;Marzo;Hombres;66
Jaén;Marzo;Mujeres;66
Jaén;Abril;Total;99
Jaén;Abril;Hombres;57
Jaén;Abril;Mujeres;42
Jaén;Mayo;Total;88
Jaén;Mayo;Hombres;47
Jaén;Mayo;Mujeres;41
Jaén;Junio;Total;71
Jaén;Junio;Hombres;41
Jaén;Junio;Mujeres;30
Jaén;Julio;Total;79
Jaén;Julio;Hombres;38
Jaén;Julio;Mujeres;41
Jaén;Agosto;Total;80
Jaén;Agosto;Hombres;37
Jaén;Agosto;Mujeres;43
Jaén;Septiembre;Total;76
Jaén;Septiembre;Hombres;34
Jaén;Septiembre;Mujeres;42
Jaén;Octubre;Total;109
Jaén;Octubre;Hombres;41
Jaén;Octubre;Mujeres;68
Jaén;Noviembre;Total;133
Jaén;Noviembre;Hombres;66
Jaén;Noviembre;Mujeres;67
Jaén;Diciembre;Total;99
Jaén;Diciembre;Hombres;54
Jaén;Diciembre;Mujeres;45
León;Total;Total;1.867
León;Total;Hombres;898
León;Total;Mujeres;969
León;Enero;Total;142
León;Enero;Hombres;57
León;Enero;Mujeres;85
León;Febrero;Total;123
León;Febrero;Hombres;63
León;Febrero;Mujeres;60
León;Marzo;Total;196
León;Marzo;Hombres;94
León;Marzo;Mujeres;102
León;Abril;Total;262
León;Abril;Hombres;125
León;Abril;Mujeres;137
León;Mayo;Total;134
León;Mayo;Hombres;64
León;Mayo;Mujeres;70
León;Junio;Total;137
León;Junio;Hombres;61
León;Junio;Mujeres;76
León;Julio;Total;138
León;Julio;Hombres;65
León;Julio;Mujeres;73
León;Agosto;Total;112
León;Agosto;Hombres;53
León;Agosto;Mujeres;59
León;Septiembre;Total;125
León;Septiembre;Hombres;80
León;Septiembre;Mujeres;45
León;Octubre;Total;176
León;Octubre;Hombres;75
León;Octubre;Mujeres;101
León;Noviembre;Total;175
León;Noviembre;Hombres;89
León;Noviembre;Mujeres;86
León;Diciembre;Total;147
León;Diciembre;Hombres;72
León;Diciembre;Mujeres;75
Lérida;Total;Total;1.295
Lérida;Total;Hombres;687
Lérida;Total;Mujeres;608
Lérida;Enero;Total;116
Lérida;Enero;Hombres;65
Lérida;Enero;Mujeres;51
Lérida;Febrero;Total;94
Lérida;Febrero;Hombres;52
Lérida;Febrero;Mujeres;42
Lérida;Marzo;Total;108
Lérida;Marzo;Hombres;49
Lérida;Marzo;Mujeres;59
Lérida;Abril;Total;172
Lérida;Abril;Hombres;78
Lérida;Abril;Mujeres;94
Lérida;Mayo;Total;86
Lérida;Mayo;Hombres;49
Lérida;Mayo;Mujeres;37
Lérida;Junio;Total;80
Lérida;Junio;Hombres;43
Lérida;Junio;Mujeres;37
Lérida;Julio;Total;148
Lérida;Julio;Hombres;74
Lérida;Julio;Mujeres;74
Lérida;Agosto;Total;110
Lérida;Agosto;Hombres;68
Lérida;Agosto;Mujeres;42
Lérida;Septiembre;Total;83
Lérida;Septiembre;Hombres;51
Lérida;Septiembre;Mujeres;32
Lérida;Octubre;Total;96
Lérida;Octubre;Hombres;46
Lérida;Octubre;Mujeres;50
Lérida;Noviembre;Total;115
Lérida;Noviembre;Hombres;67
Lérida;Noviembre;Mujeres;48
Lérida;Diciembre;Total;87
Lérida;Diciembre;Hombres;45
Lérida;Diciembre;Mujeres;42
Lugo;Total;Total;1.054
Lugo;Total;Hombres;506
Lugo;Total;Mujeres;548
Lugo;Enero;Total;131
Lugo;Enero;Hombres;64
Lugo;Enero;Mujeres;67
Lugo;Febrero;Total;89
Lugo;Febrero;Hombres;43
Lugo;Febrero;Mujeres;46
Lugo;Marzo;Total;109
Lugo;Marzo;Hombres;46
Lugo;Marzo;Mujeres;63
Lugo;Abril;Total;83
Lugo;Abril;Hombres;41
Lugo;Abril;Mujeres;42
Lugo;Mayo;Total;89
Lugo;Mayo;Hombres;42
Lugo;Mayo;Mujeres;47
Lugo;Junio;Total;68
Lugo;Junio;Hombres;27
Lugo;Junio;Mujeres;41
Lugo;Julio;Total;81
Lugo;Julio;Hombres;38
Lugo;Julio;Mujeres;43
Lugo;Agosto;Total;88
Lugo;Agosto;Hombres;42
Lugo;Agosto;Mujeres;46
Lugo;Septiembre;Total;77
Lugo;Septiembre;Hombres;36
Lugo;Septiembre;Mujeres;41
Lugo;Octubre;Total;77
Lugo;Octubre;Hombres;40
Lugo;Octubre;Mujeres;37
Lugo;Noviembre;Total;85
Lugo;Noviembre;Hombres;45
Lugo;Noviembre;Mujeres;40
Lugo;Diciembre;Total;77
Lugo;Diciembre;Hombres;42
Lugo;Diciembre;Mujeres;35
Madrid;Total;Total;39.867
Madrid;Total;Hombres;19.1
Madrid;Total;Mujeres;20.767
Madrid;Enero;Total;2.758
Madrid;Enero;Hombres;1.274
Madrid;Enero;Mujeres;1.484
Madrid;Febrero;Total;2.323
Madrid;Febrero;Hombres;1.087
Madrid;Febrero;Mujeres;1.236
Madrid;Marzo;Total;7.536
Madrid;Marzo;Hombres;3.906
Madrid;Marzo;Mujeres;3.63
Madrid;Abril;Total;7.286
Madrid;Abril;Hombres;3.277
Madrid;Abril;Mujeres;4.009
Madrid;Mayo;Total;2.528
Madrid;Mayo;Hombres;1.19
Madrid;Mayo;Mujeres;1.338
Madrid;Junio;Total;2.018
Madrid;Junio;Hombres;946
Madrid;Junio;Mujeres;1.072
Madrid;Julio;Total;2.3
Madrid;Julio;Hombres;1.037
Madrid;Julio;Mujeres;1.263
Madrid;Agosto;Total;2.411
Madrid;Agosto;Hombres;1.115
Madrid;Agosto;Mujeres;1.296
Madrid;Septiembre;Total;2.695
Madrid;Septiembre;Hombres;1.347
Madrid;Septiembre;Mujeres;1.348
Madrid;Octubre;Total;2.919
Madrid;Octubre;Hombres;1.459
Madrid;Octubre;Mujeres;1.46
Madrid;Noviembre;Total;2.514
Madrid;Noviembre;Hombres;1.238
Madrid;Noviembre;Mujeres;1.276
Madrid;Diciembre;Total;2.579
Madrid;Diciembre;Hombres;1.224
Madrid;Diciembre;Mujeres;1.355
Málaga;Total;Total;5.383
Málaga;Total;Hombres;2.65
Málaga;Total;Mujeres;2.733
Málaga;Enero;Total;510
Málaga;Enero;Hombres;261
Málaga;Enero;Mujeres;249
Málaga;Febrero;Total;412
Málaga;Febrero;Hombres;193
Málaga;Febrero;Mujeres;219
Málaga;Marzo;Total;553
Málaga;Marzo;Hombres;273
Málaga;Marzo;Mujeres;280
Málaga;Abril;Total;541
Málaga;Abril;Hombres;271
Málaga;Abril;Mujeres;270
Málaga;Mayo;Total;402
Málaga;Mayo;Hombres;194
Málaga;Mayo;Mujeres;208
Málaga;Junio;Total;383
Málaga;Junio;Hombres;181
Málaga;Junio;Mujeres;202
Málaga;Julio;Total;365
Málaga;Julio;Hombres;173
Málaga;Julio;Mujeres;192
Málaga;Agosto;Total;446
Málaga;Agosto;Hombres;227
Málaga;Agosto;Mujeres;219
Málaga;Septiembre;Total;405
Málaga;Septiembre;Hombres;206
Málaga;Septiembre;Mujeres;199
Málaga;Octubre;Total;457
Málaga;Octubre;Hombres;233
Málaga;Octubre;Mujeres;224
Málaga;Noviembre;Total;418
Málaga;Noviembre;Hombres;191
Málaga;Noviembre;Mujeres;227
Málaga;Diciembre;Total;491
Málaga;Diciembre;Hombres;247
Málaga;Diciembre;Mujeres;244
Murcia;Total;Total;3.611
Murcia;Total;Hombres;1.839
Murcia;Total;Mujeres;1.772
Murcia;Enero;Total;348
Murcia;Enero;Hombres;177
Murcia;Enero;Mujeres;171
Murcia;Febrero;Total;310
Murcia;Febrero;Hombres;163
Murcia;Febrero;Mujeres;147
Murcia;Marzo;Total;305
Murcia;Marzo;Hombres;150
Murcia;Marzo;Mujeres;155
Murcia;Abril;Total;286
Murcia;Abril;Hombres;141
Murcia;Abril;Mujeres;145
Murcia;Mayo;Total;273
Murcia;Mayo;Hombres;141
Murcia;Mayo;Mujeres;132
Murcia;Junio;Total;238
Murcia;Junio;Hombres;115
Murcia;Junio;Mujeres;123
Murcia;Julio;Total;268
Murcia;Julio;Hombres;139
Murcia;Julio;Mujeres;129
Murcia;Agosto;Total;286
Murcia;Agosto;Hombres;138
Murcia;Agosto;Mujeres;148
Murcia;Septiembre;Total;283
Murcia;Septiembre;Hombres;141
Murcia;Septiembre;Mujeres;142
Murcia;Octubre;Total;315
Murcia;Octubre;Hombres;164
Murcia;Octubre;Mujeres;151
Murcia;Noviembre;Total;355
Murcia;Noviembre;Hombres;182
Murcia;Noviembre;Mujeres;173
Murcia;Diciembre;Total;344
Murcia;Diciembre;Hombres;188
Murcia;Diciembre;Mujeres;156
Navarra;Total;Total;2.324
Navarra;Total;Hombres;1.166
Navarra;Total;Mujeres;1.158
Navarra;Enero;Total;205
Navarra;Enero;Hombres;93
Navarra;Enero;Mujeres;112
Navarra;Febrero;Total;183
Navarra;Febrero;Hombres;89
Navarra;Febrero;Mujeres;94
Navarra;Marzo;Total;287
Navarra;Marzo;Hombres;145
Navarra;Marzo;Mujeres;142
Navarra;Abril;Total;317
Navarra;Abril;Hombres;160
Navarra;Abril;Mujeres;157
Navarra;Mayo;Total;169
Navarra;Mayo;Hombres;85
Navarra;Mayo;Mujeres;84
Navarra;Junio;Total;153
Navarra;Junio;Hombres;76
Navarra;Junio;Mujeres;77
Navarra;Julio;Total;135
Navarra;Julio;Hombres;60
Navarra;Julio;Mujeres;75
Navarra;Agosto;Total;157
Navarra;Agosto;Hombres;88
Navarra;Agosto;Mujeres;69
Navarra;Septiembre;Total;160
Navarra;Septiembre;Hombres;86
Navarra;Septiembre;Mujeres;74
Navarra;Octubre;Total;193
Navarra;Octubre;Hombres;107
Navarra;Octubre;Mujeres;86
Navarra;Noviembre;Total;181
Navarra;Noviembre;Hombres;87
Navarra;Noviembre;Mujeres;94
Navarra;Diciembre;Total;184
Navarra;Diciembre;Hombres;90
Navarra;Diciembre;Mujeres;94
Orense;Total;Total;1.322
Orense;Total;Hombres;630
Orense;Total;Mujeres;692
Orense;Enero;Total;104
Orense;Enero;Hombres;60
Orense;Enero;Mujeres;44
Orense;Febrero;Total;113
Orense;Febrero;Hombres;44
Orense;Febrero;Mujeres;69
Orense;Marzo;Total;108
Orense;Marzo;Hombres;51
Orense;Marzo;Mujeres;57
Orense;Abril;Total;147
Orense;Abril;Hombres;63
Orense;Abril;Mujeres;84
Orense;Mayo;Total;94
Orense;Mayo;Hombres;42
Orense;Mayo;Mujeres;52
Orense;Junio;Total;78
Orense;Junio;Hombres;34
Orense;Junio;Mujeres;44
Orense;Julio;Total;109
Orense;Julio;Hombres;64
Orense;Julio;Mujeres;45
Orense;Agosto;Total;91
Orense;Agosto;Hombres;38
Orense;Agosto;Mujeres;53
Orense;Septiembre;Total;100
Orense;Septiembre;Hombres;46
Orense;Septiembre;Mujeres;54
Orense;Octubre;Total;141
Orense;Octubre;Hombres;72
Orense;Octubre;Mujeres;69
Orense;Noviembre;Total;126
Orense;Noviembre;Hombres;60
Orense;Noviembre;Mujeres;66
Orense;Diciembre;Total;111
Orense;Diciembre;Hombres;56
Orense;Diciembre;Mujeres;55
Palencia;Total;Total;1.09
Palencia;Total;Hombres;525
Palencia;Total;Mujeres;565
Palencia;Enero;Total;103
Palencia;Enero;Hombres;50
Palencia;Enero;Mujeres;53
Palencia;Febrero;Total;70
Palencia;Febrero;Hombres;25
Palencia;Febrero;Mujeres;45
Palencia;Marzo;Total;118
Palencia;Marzo;Hombres;55
Palencia;Marzo;Mujeres;63
Palencia;Abril;Total;128
Palencia;Abril;Hombres;54
Palencia;Abril;Mujeres;74
Palencia;Mayo;Total;66
Palencia;Mayo;Hombres;33
Palencia;Mayo;Mujeres;33
Palencia;Junio;Total;74
Palencia;Junio;Hombres;42
Palencia;Junio;Mujeres;32
Palencia;Julio;Total;80
Palencia;Julio;Hombres;39
Palencia;Julio;Mujeres;41
Palencia;Agosto;Total;70
Palencia;Agosto;Hombres;35
Palencia;Agosto;Mujeres;35
Palencia;Septiembre;Total;70
Palencia;Septiembre;Hombres;31
Palencia;Septiembre;Mujeres;39
Palencia;Octubre;Total;89
Palencia;Octubre;Hombres;50
Palencia;Octubre;Mujeres;39
Palencia;Noviembre;Total;113
Palencia;Noviembre;Hombres;61
Palencia;Noviembre;Mujeres;52
Palencia;Diciembre;Total;109
Palencia;Diciembre;Hombres;50
Palencia;Diciembre;Mujeres;59
Las Palmas;Total;Total;3.552
Las Palmas;Total;Hombres;1.8
Las Palmas;Total;Mujeres;1.752
Las Palmas;Enero;Total;374
Las Palmas;Enero;Hombres;184
Las Palmas;Enero;Mujeres;190
Las Palmas;Febrero;Total;294
Las Palmas;Febrero;Hombres;152
Las Palmas;Febrero;Mujeres;142
Las Palmas;Marzo;Total;330
Las Palmas;Marzo;Hombres;171
Las Palmas;Marzo;Mujeres;159
Las Palmas;Abril;Total;279
Las Palmas;Abril;Hombres;136
Las Palmas;Abril;Mujeres;143
Las Palmas;Mayo;Total;287
Las Palmas;Mayo;Hombres;164
Las Palmas;Mayo;Mujeres;123
Las Palmas;Junio;Total;224
Las Palmas;Junio;Hombres;99
Las Palmas;Junio;Mujeres;125
Las Palmas;Julio;Total;256
Las Palmas;Julio;Hombres;131
Las Palmas;Julio;Mujeres;125
Las Palmas;Agosto;Total;311
Las Palmas;Agosto;Hombres;146
Las Palmas;Agosto;Mujeres;165
Las Palmas;Septiembre;Total;311
Las Palmas;Septiembre;Hombres;168
Las Palmas;Septiembre;Mujeres;143
Las Palmas;Octubre;Total;314
Las Palmas;Octubre;Hombres;147
Las Palmas;Octubre;Mujeres;167
Las Palmas;Noviembre;Total;265
Las Palmas;Noviembre;Hombres;140
Las Palmas;Noviembre;Mujeres;125
Las Palmas;Diciembre;Total;307
Las Palmas;Diciembre;Hombres;162
Las Palmas;Diciembre;Mujeres;145
Pontevedra;Total;Total;787
Pontevedra;Total;Hombres;361
Pontevedra;Total;Mujeres;426
Pontevedra;Enero;Total;90
Pontevedra;Enero;Hombres;37
Pontevedra;Enero;Mujeres;53
Pontevedra;Febrero;Total;61
Pontevedra;Febrero;Hombres;30
Pontevedra;Febrero;Mujeres;31
Pontevedra;Marzo;Total;53
Pontevedra;Marzo;Hombres;24
Pontevedra;Marzo;Mujeres;29
Pontevedra;Abril;Total;64
Pontevedra;Abril;Hombres;33
Pontevedra;Abril;Mujeres;31
Pontevedra;Mayo;Total;61
Pontevedra;Mayo;Hombres;18
Pontevedra;Mayo;Mujeres;43
Pontevedra;Junio;Total;62
Pontevedra;Junio;Hombres;31
Pontevedra;Junio;Mujeres;31
Pontevedra;Julio;Total;69
Pontevedra;Julio;Hombres;32
Pontevedra;Julio;Mujeres;37
Pontevedra;Agosto;Total;47
Pontevedra;Agosto;Hombres;19
Pontevedra;Agosto;Mujeres;28
Pontevedra;Septiembre;Total;50
Pontevedra;Septiembre;Hombres;22
Pontevedra;Septiembre;Mujeres;28
Pontevedra;Octubre;Total;73
Pontevedra;Octubre;Hombres;34
Pontevedra;Octubre;Mujeres;39
Pontevedra;Noviembre;Total;80
Pontevedra;Noviembre;Hombres;42
Pontevedra;Noviembre;Mujeres;38
Pontevedra;Diciembre;Total;77
Pontevedra;Diciembre;Hombres;39
Pontevedra;Diciembre;Mujeres;38
La Rioja;Total;Total;1.657
La Rioja;Total;Hombres;816
La Rioja;Total;Mujeres;841
La Rioja;Enero;Total;129
La Rioja;Enero;Hombres;70
La Rioja;Enero;Mujeres;59
La Rioja;Febrero;Total;122
La Rioja;Febrero;Hombres;61
La Rioja;Febrero;Mujeres;61
La Rioja;Marzo;Total;171
La Rioja;Marzo;Hombres;96
La Rioja;Marzo;Mujeres;75
La Rioja;Abril;Total;202
La Rioja;Abril;Hombres;93
La Rioja;Abril;Mujeres;109
La Rioja;Mayo;Total;116
La Rioja;Mayo;Hombres;61
La Rioja;Mayo;Mujeres;55
La Rioja;Junio;Total;114
La Rioja;Junio;Hombres;53
La Rioja;Junio;Mujeres;61
La Rioja;Julio;Total;115
La Rioja;Julio;Hombres;57
La Rioja;Julio;Mujeres;58
La Rioja;Agosto;Total;116
La Rioja;Agosto;Hombres;49
La Rioja;Agosto;Mujeres;67
La Rioja;Septiembre;Total;135
La Rioja;Septiembre;Hombres;54
La Rioja;Septiembre;Mujeres;81
La Rioja;Octubre;Total;168
La Rioja;Octubre;Hombres;90
La Rioja;Octubre;Mujeres;78
La Rioja;Noviembre;Total;138
La Rioja;Noviembre;Hombres;73
La Rioja;Noviembre;Mujeres;65
La Rioja;Diciembre;Total;131
La Rioja;Diciembre;Hombres;59
La Rioja;Diciembre;Mujeres;72
Salamanca;Total;Total;2.36
Salamanca;Total;Hombres;1.103
Salamanca;Total;Mujeres;1.257
Salamanca;Enero;Total;157
Salamanca;Enero;Hombres;62
Salamanca;Enero;Mujeres;95
Salamanca;Febrero;Total;150
Salamanca;Febrero;Hombres;80
Salamanca;Febrero;Mujeres;70
Salamanca;Marzo;Total;330
Salamanca;Marzo;Hombres;165
Salamanca;Marzo;Mujeres;165
Salamanca;Abril;Total;402
Salamanca;Abril;Hombres;193
Salamanca;Abril;Mujeres;209
Salamanca;Mayo;Total;171
Salamanca;Mayo;Hombres;76
Salamanca;Mayo;Mujeres;95
Salamanca;Junio;Total;126
Salamanca;Junio;Hombres;54
Salamanca;Junio;Mujeres;72
Salamanca;Julio;Total;197
Salamanca;Julio;Hombres;81
Salamanca;Julio;Mujeres;116
Salamanca;Agosto;Total;157
Salamanca;Agosto;Hombres;65
Salamanca;Agosto;Mujeres;92
Salamanca;Septiembre;Total;169
Salamanca;Septiembre;Hombres;86
Salamanca;Septiembre;Mujeres;83
Salamanca;Octubre;Total;171
Salamanca;Octubre;Hombres;86
Salamanca;Octubre;Mujeres;85
Salamanca;Noviembre;Total;166
Salamanca;Noviembre;Hombres;78
Salamanca;Noviembre;Mujeres;88
Salamanca;Diciembre;Total;164
Salamanca;Diciembre;Hombres;77
Salamanca;Diciembre;Mujeres;87
Santa Cruz de Tenerife;Total;Total;1.941
Santa Cruz de Tenerife;Total;Hombres;965
Santa Cruz de Tenerife;Total;Mujeres;976
Santa Cruz de Tenerife;Enero;Total;187
Santa Cruz de Tenerife;Enero;Hombres;87
Santa Cruz de Tenerife;Enero;Mujeres;100
Santa Cruz de Tenerife;Febrero;Total;183
Santa Cruz de Tenerife;Febrero;Hombres;88
Santa Cruz de Tenerife;Febrero;Mujeres;95
Santa Cruz de Tenerife;Marzo;Total;193
Santa Cruz de Tenerife;Marzo;Hombres;99
Santa Cruz de Tenerife;Marzo;Mujeres;94
Santa Cruz de Tenerife;Abril;Total;156
Santa Cruz de Tenerife;Abril;Hombres;79
Santa Cruz de Tenerife;Abril;Mujeres;77
Santa Cruz de Tenerife;Mayo;Total;139
Santa Cruz de Tenerife;Mayo;Hombres;65
Santa Cruz de Tenerife;Mayo;Mujeres;74
Santa Cruz de Tenerife;Junio;Total;153
Santa Cruz de Tenerife;Junio;Hombres;67
Santa Cruz de Tenerife;Junio;Mujeres;86
Santa Cruz de Tenerife;Julio;Total;165
Santa Cruz de Tenerife;Julio;Hombres;82
Santa Cruz de Tenerife;Julio;Mujeres;83
Santa Cruz de Tenerife;Agosto;Total;145
Santa Cruz de Tenerife;Agosto;Hombres;77
Santa Cruz de Tenerife;Agosto;Mujeres;68
Santa Cruz de Tenerife;Septiembre;Total;149
Santa Cruz de Tenerife;Septiembre;Hombres;71
Santa Cruz de Tenerife;Septiembre;Mujeres;78
Santa Cruz de Tenerife;Octubre;Total;143
Santa Cruz de Tenerife;Octubre;Hombres;74
Santa Cruz de Tenerife;Octubre;Mujeres;69
Santa Cruz de Tenerife;Noviembre;Total;163
Santa Cruz de Tenerife;Noviembre;Hombres;87
Santa Cruz de Tenerife;Noviembre;Mujeres;76
Santa Cruz de Tenerife;Diciembre;Total;165
Santa Cruz de Tenerife;Diciembre;Hombres;89
Santa Cruz de Tenerife;Diciembre;Mujeres;76
Segovia;Total;Total;829
Segovia;Total;Hombres;392
Segovia;Total;Mujeres;437
Segovia;Enero;Total;50
Segovia;Enero;Hombres;28
Segovia;Enero;Mujeres;22
Segovia;Febrero;Total;64
Segovia;Febrero;Hombres;27
Segovia;Febrero;Mujeres;37
Segovia;Marzo;Total;195
Segovia;Marzo;Hombres;98
Segovia;Marzo;Mujeres;97
Segovia;Abril;Total;198
Segovia;Abril;Hombres;91
Segovia;Abril;Mujeres;107
Segovia;Mayo;Total;48
Segovia;Mayo;Hombres;20
Segovia;Mayo;Mujeres;28
Segovia;Junio;Total;48
Segovia;Junio;Hombres;20
Segovia;Junio;Mujeres;28
Segovia;Julio;Total;44
Segovia;Julio;Hombres;26
Segovia;Julio;Mujeres;18
Segovia;Agosto;Total;33
Segovia;Agosto;Hombres;10
Segovia;Agosto;Mujeres;23
Segovia;Septiembre;Total;32
Segovia;Septiembre;Hombres;13
Segovia;Septiembre;Mujeres;19
Segovia;Octubre;Total;40
Segovia;Octubre;Hombres;23
Segovia;Octubre;Mujeres;17
Segovia;Noviembre;Total;31
Segovia;Noviembre;Hombres;18
Segovia;Noviembre;Mujeres;13
Segovia;Diciembre;Total;46
Segovia;Diciembre;Hombres;18
Segovia;Diciembre;Mujeres;28
Sevilla;Total;Total;6.954
Sevilla;Total;Hombres;3.402
Sevilla;Total;Mujeres;3.552
Sevilla;Enero;Total;664
Sevilla;Enero;Hombres;332
Sevilla;Enero;Mujeres;332
Sevilla;Febrero;Total;589
Sevilla;Febrero;Hombres;262
Sevilla;Febrero;Mujeres;327
Sevilla;Marzo;Total;590
Sevilla;Marzo;Hombres;284
Sevilla;Marzo;Mujeres;306
Sevilla;Abril;Total;583
Sevilla;Abril;Hombres;266
Sevilla;Abril;Mujeres;317
Sevilla;Mayo;Total;505
Sevilla;Mayo;Hombres;251
Sevilla;Mayo;Mujeres;254
Sevilla;Junio;Total;429
Sevilla;Junio;Hombres;220
Sevilla;Junio;Mujeres;209
Sevilla;Julio;Total;541
Sevilla;Julio;Hombres;257
Sevilla;Julio;Mujeres;284
Sevilla;Agosto;Total;497
Sevilla;Agosto;Hombres;237
Sevilla;Agosto;Mujeres;260
Sevilla;Septiembre;Total;518
Sevilla;Septiembre;Hombres;251
Sevilla;Septiembre;Mujeres;267
Sevilla;Octubre;Total;639
Sevilla;Octubre;Hombres;310
Sevilla;Octubre;Mujeres;329
Sevilla;Noviembre;Total;737
Sevilla;Noviembre;Hombres;402
Sevilla;Noviembre;Mujeres;335
Sevilla;Diciembre;Total;662
Sevilla;Diciembre;Hombres;330
Sevilla;Diciembre;Mujeres;332
Soria;Total;Total;558
Soria;Total;Hombres;272
Soria;Total;Mujeres;286
Soria;Enero;Total;44
Soria;Enero;Hombres;24
Soria;Enero;Mujeres;20
Soria;Febrero;Total;21
Soria;Febrero;Hombres;11
Soria;Febrero;Mujeres;10
Soria;Marzo;Total;110
Soria;Marzo;Hombres;60
Soria;Marzo;Mujeres;50
Soria;Abril;Total;107
Soria;Abril;Hombres;50
Soria;Abril;Mujeres;57
Soria;Mayo;Total;31
Soria;Mayo;Hombres;16
Soria;Mayo;Mujeres;15
Soria;Junio;Total;45
Soria;Junio;Hombres;17
Soria;Junio;Mujeres;28
Soria;Julio;Total;35
Soria;Julio;Hombres;13
Soria;Julio;Mujeres;22
Soria;Agosto;Total;28
Soria;Agosto;Hombres;15
Soria;Agosto;Mujeres;13
Soria;Septiembre;Total;28
Soria;Septiembre;Hombres;14
Soria;Septiembre;Mujeres;14
Soria;Octubre;Total;39
Soria;Octubre;Hombres;17
Soria;Octubre;Mujeres;22
Soria;Noviembre;Total;36
Soria;Noviembre;Hombres;17
Soria;Noviembre;Mujeres;19
Soria;Diciembre;Total;34
Soria;Diciembre;Hombres;18
Soria;Diciembre;Mujeres;16
Tarragona;Total;Total;1.222
Tarragona;Total;Hombres;638
Tarragona;Total;Mujeres;584
Tarragona;Enero;Total;114
Tarragona;Enero;Hombres;58
Tarragona;Enero;Mujeres;56
Tarragona;Febrero;Total;83
Tarragona;Febrero;Hombres;47
Tarragona;Febrero;Mujeres;36
Tarragona;Marzo;Total;126
Tarragona;Marzo;Hombres;72
Tarragona;Marzo;Mujeres;54
Tarragona;Abril;Total;144
Tarragona;Abril;Hombres;72
Tarragona;Abril;Mujeres;72
Tarragona;Mayo;Total;86
Tarragona;Mayo;Hombres;37
Tarragona;Mayo;Mujeres;49
Tarragona;Junio;Total;82
Tarragona;Junio;Hombres;42
Tarragona;Junio;Mujeres;40
Tarragona;Julio;Total;74
Tarragona;Julio;Hombres;37
Tarragona;Julio;Mujeres;37
Tarragona;Agosto;Total;94
Tarragona;Agosto;Hombres;48
Tarragona;Agosto;Mujeres;46
Tarragona;Septiembre;Total;76
Tarragona;Septiembre;Hombres;40
Tarragona;Septiembre;Mujeres;36
Tarragona;Octubre;Total;120
Tarragona;Octubre;Hombres;65
Tarragona;Octubre;Mujeres;55
Tarragona;Noviembre;Total;121
Tarragona;Noviembre;Hombres;65
Tarragona;Noviembre;Mujeres;56
Tarragona;Diciembre;Total;102
Tarragona;Diciembre;Hombres;55
Tarragona;Diciembre;Mujeres;47
Teruel;Total;Total;437
Teruel;Total;Hombres;220
Teruel;Total;Mujeres;217
Teruel;Enero;Total;39
Teruel;Enero;Hombres;18
Teruel;Enero;Mujeres;21
Teruel;Febrero;Total;34
Teruel;Febrero;Hombres;14
Teruel;Febrero;Mujeres;20
Teruel;Marzo;Total;49
Teruel;Marzo;Hombres;25
Teruel;Marzo;Mujeres;24
Teruel;Abril;Total;56
Teruel;Abril;Hombres;29
Teruel;Abril;Mujeres;27
Teruel;Mayo;Total;20
Teruel;Mayo;Hombres;11
Teruel;Mayo;Mujeres;9
Teruel;Junio;Total;24
Teruel;Junio;Hombres;13
Teruel;Junio;Mujeres;11
Teruel;Julio;Total;34
Teruel;Julio;Hombres;13
Teruel;Julio;Mujeres;21
Teruel;Agosto;Total;34
Teruel;Agosto;Hombres;13
Teruel;Agosto;Mujeres;21
Teruel;Septiembre;Total;25
Teruel;Septiembre;Hombres;13
Teruel;Septiembre;Mujeres;12
Teruel;Octubre;Total;36
Teruel;Octubre;Hombres;22
Teruel;Octubre;Mujeres;14
Teruel;Noviembre;Total;56
Teruel;Noviembre;Hombres;32
Teruel;Noviembre;Mujeres;24
Teruel;Diciembre;Total;30
Teruel;Diciembre;Hombres;17
Teruel;Diciembre;Mujeres;13
Toledo;Total;Total;785
Toledo;Total;Hombres;382
Toledo;Total;Mujeres;403
Toledo;Enero;Total;72
Toledo;Enero;Hombres;27
Toledo;Enero;Mujeres;45
Toledo;Febrero;Total;44
Toledo;Febrero;Hombres;19
Toledo;Febrero;Mujeres;25
Toledo;Marzo;Total;92
Toledo;Marzo;Hombres;53
Toledo;Marzo;Mujeres;39
Toledo;Abril;Total;114
Toledo;Abril;Hombres;57
Toledo;Abril;Mujeres;57
Toledo;Mayo;Total;56
Toledo;Mayo;Hombres;26
Toledo;Mayo;Mujeres;30
Toledo;Junio;Total;38
Toledo;Junio;Hombres;17
Toledo;Junio;Mujeres;21
Toledo;Julio;Total;51
Toledo;Julio;Hombres;28
Toledo;Julio;Mujeres;23
Toledo;Agosto;Total;50
Toledo;Agosto;Hombres;21
Toledo;Agosto;Mujeres;29
Toledo;Septiembre;Total;58
Toledo;Septiembre;Hombres;32
Toledo;Septiembre;Mujeres;26
Toledo;Octubre;Total;62
Toledo;Octubre;Hombres;27
Toledo;Octubre;Mujeres;35
Toledo;Noviembre;Total;90
Toledo;Noviembre;Hombres;42
Toledo;Noviembre;Mujeres;48
Toledo;Diciembre;Total;58
Toledo;Diciembre;Hombres;33
Toledo;Diciembre;Mujeres;25
Valencia;Total;Total;8.469
Valencia;Total;Hombres;4.131
Valencia;Total;Mujeres;4.338
Valencia;Enero;Total;779
Valencia;Enero;Hombres;368
Valencia;Enero;Mujeres;411
Valencia;Febrero;Total;645
Valencia;Febrero;Hombres;299
Valencia;Febrero;Mujeres;346
Valencia;Marzo;Total;828
Valencia;Marzo;Hombres;436
Valencia;Marzo;Mujeres;392
Valencia;Abril;Total;803
Valencia;Abril;Hombres;398
Valencia;Abril;Mujeres;405
Valencia;Mayo;Total;622
Valencia;Mayo;Hombres;324
Valencia;Mayo;Mujeres;298
Valencia;Junio;Total;592
Valencia;Junio;Hombres;273
Valencia;Junio;Mujeres;319
Valencia;Julio;Total;637
Valencia;Julio;Hombres;307
Valencia;Julio;Mujeres;330
Valencia;Agosto;Total;720
Valencia;Agosto;Hombres;364
Valencia;Agosto;Mujeres;356
Valencia;Septiembre;Total;622
Valencia;Septiembre;Hombres;298
Valencia;Septiembre;Mujeres;324
Valencia;Octubre;Total;707
Valencia;Octubre;Hombres;351
Valencia;Octubre;Mujeres;356
Valencia;Noviembre;Total;704
Valencia;Noviembre;Hombres;325
Valencia;Noviembre;Mujeres;379
Valencia;Diciembre;Total;810
Valencia;Diciembre;Hombres;388
Valencia;Diciembre;Mujeres;422
Valladolid;Total;Total;3.936
Valladolid;Total;Hombres;1.93
Valladolid;Total;Mujeres;2.006
Valladolid;Enero;Total;317
Valladolid;Enero;Hombres;151
Valladolid;Enero;Mujeres;166
Valladolid;Febrero;Total;252
Valladolid;Febrero;Hombres;131
Valladolid;Febrero;Mujeres;121
Valladolid;Marzo;Total;420
Valladolid;Marzo;Hombres;203
Valladolid;Marzo;Mujeres;217
Valladolid;Abril;Total;569
Valladolid;Abril;Hombres;266
Valladolid;Abril;Mujeres;303
Valladolid;Mayo;Total;294
Valladolid;Mayo;Hombres;146
Valladolid;Mayo;Mujeres;148
Valladolid;Junio;Total;250
Valladolid;Junio;Hombres;115
Valladolid;Junio;Mujeres;135
Valladolid;Julio;Total;275
Valladolid;Julio;Hombres;137
Valladolid;Julio;Mujeres;138
Valladolid;Agosto;Total;284
Valladolid;Agosto;Hombres;139
Valladolid;Agosto;Mujeres;145
Valladolid;Septiembre;Total;254
Valladolid;Septiembre;Hombres;122
Valladolid;Septiembre;Mujeres;132
Valladolid;Octubre;Total;327
Valladolid;Octubre;Hombres;177
Valladolid;Octubre;Mujeres;150
Valladolid;Noviembre;Total;382
Valladolid;Noviembre;Hombres;196
Valladolid;Noviembre;Mujeres;186
Valladolid;Diciembre;Total;312
Valladolid;Diciembre;Hombres;147
Valladolid;Diciembre;Mujeres;165
Zamora;Total;Total;886
Zamora;Total;Hombres;420
Zamora;Total;Mujeres;466
Zamora;Enero;Total;72
Zamora;Enero;Hombres;27
Zamora;Enero;Mujeres;45
Zamora;Febrero;Total;36
Zamora;Febrero;Hombres;21
Zamora;Febrero;Mujeres;15
Zamora;Marzo;Total;76
Zamora;Marzo;Hombres;36
Zamora;Marzo;Mujeres;40
Zamora;Abril;Total;93
Zamora;Abril;Hombres;41
Zamora;Abril;Mujeres;52
Zamora;Mayo;Total;53
Zamora;Mayo;Hombres;27
Zamora;Mayo;Mujeres;26
Zamora;Junio;Total;57
Zamora;Junio;Hombres;31
Zamora;Junio;Mujeres;26
Zamora;Julio;Total;77
Zamora;Julio;Hombres;37
Zamora;Julio;Mujeres;40
Zamora;Agosto;Total;71
Zamora;Agosto;Hombres;33
Zamora;Agosto;Mujeres;38
Zamora;Septiembre;Total;68
Zamora;Septiembre;Hombres;34
Zamora;Septiembre;Mujeres;34
Zamora;Octubre;Total;79
Zamora;Octubre;Hombres;37
Zamora;Octubre;Mujeres;42
Zamora;Noviembre;Total;115
Zamora;Noviembre;Hombres;50
Zamora;Noviembre;Mujeres;65
Zamora;Diciembre;Total;89
Zamora;Diciembre;Hombres;46
Zamora;Diciembre;Mujeres;43
Zaragoza;Total;Total;7.999
Zaragoza;Total;Hombres;3.791
Zaragoza;Total;Mujeres;4.208
Zaragoza;Enero;Total;705
Zaragoza;Enero;Hombres;336
Zaragoza;Enero;Mujeres;369
Zaragoza;Febrero;Total;542
Zaragoza;Febrero;Hombres;252
Zaragoza;Febrero;Mujeres;290
Zaragoza;Marzo;Total;750
Zaragoza;Marzo;Hombres;372
Zaragoza;Marzo;Mujeres;378
Zaragoza;Abril;Total;959
Zaragoza;Abril;Hombres;424
Zaragoza;Abril;Mujeres;535
Zaragoza;Mayo;Total;551
Zaragoza;Mayo;Hombres;263
Zaragoza;Mayo;Mujeres;288
Zaragoza;Junio;Total;449
Zaragoza;Junio;Hombres;225
Zaragoza;Junio;Mujeres;224
Zaragoza;Julio;Total;582
Zaragoza;Julio;Hombres;259
Zaragoza;Julio;Mujeres;323
Zaragoza;Agosto;Total;757
Zaragoza;Agosto;Hombres;351
Zaragoza;Agosto;Mujeres;406
Zaragoza;Septiembre;Total;608
Zaragoza;Septiembre;Hombres;289
Zaragoza;Septiembre;Mujeres;319
Zaragoza;Octubre;Total;639
Zaragoza;Octubre;Hombres;313
Zaragoza;Octubre;Mujeres;326
Zaragoza;Noviembre;Total;782
Zaragoza;Noviembre;Hombres;381
Zaragoza;Noviembre;Mujeres;401
Zaragoza;Diciembre;Total;675
Zaragoza;Diciembre;Hombres;326
Zaragoza;Diciembre;Mujeres;349
